iterations,opencl,native,tbb
100,0.80751991272,2.18808102608,0.31529211998
500,0.748952865601,10.4672560692,1.48275184631
1000,0.960261106491,21.5851988792,2.93248391151
2000,1.55680298805,43.0713150501,5.85126590729
10000,5.92618703842,221.054522991,29.12738204
100000,49.530176878,2266.37175417,289.999793053
